"Date","Actual Data","ONGBM(1, 1)","RONGBM(1, 1)"
"Jan 28, 2020","6061","6061","6061"
"Jan 29, 2020","7816","7130","7258"
"Jan 30, 2020","9821","9824","9822"
"Jan 31, 2020","11948","12378","12418"
"Feb 01, 2020","14551","15056","15098"
"Feb 02, 2020","17387","17860","17898"
"Feb 03, 2020","20626","20793","20842"
"Feb 04, 2020","24553","23862","23953"
"Feb 05, 2020","28276","27068","27251"
"Feb 06, 2020","31439","30417","30755"
"Feb 07, 2020","34875","33915","34483"
"Feb 08, 2020","37552","37564","38455"
"Feb 09, 2020","","41373","41373"
"Feb 10, 2020","","45344","45050"
"Feb 11, 2020","","49484","48461"
"Feb 12, 2020","","53799","52176"
"Feb 13, 2020","","58295","56045"
"Feb 14, 2020","","62978","60493"
"Feb 15, 2020","","67854","65041"
"Feb 16, 2020","","72930","70001"
"Feb 17, 2020","","78214","75238"
"Feb 18, 2020","","83711","80848"